,P(C|CC=dom),P(C|CD=dom),P(C|DD=dom),P(C|DC=dom)
T02,0.9662350965891437,0.9159420289855073,0.0,0.4
T07,0.9769503546099291,0.9,0.0,0.4
T12,0.957604986756653,0.8980952380952381,0.2,0.0
