,P(C|CC=dom),P(C|CD=dom),P(C|DD=dom),P(C|DC=dom)
GPT5mini,0.9852223897726059,0.42000000000000004,0.2333333333333333,0.0
GPT4.1mini,0.9948842480168366,0.02,0.0,0.0
GPT5nano,1.0,1.0,0.0,0.0
