,P(C|CC=dom),P(C|CD=dom),P(C|DD=dom),P(C|DC=dom)
T08,0.9811074561403508,0.10588235294117647,0.0,0.1
T02,0.9965517241379309,0.2061538461538462,0.3392156862745098,0.0
T05,0.9863013698630138,0.07142857142857142,0.12,0.0
