,P(C|CC=dom),P(C|CD=dom),P(C|DD=dom),P(C|DC=dom)
T07,0.9823375262054507,0.23333333333333334,0.016666666666666666,0.1
T02,0.9799038461538462,0.25,0.16999999999999998,0.26666666666666666
T12,0.9707838827838827,0.07857142857142857,0.1,0.06666666666666667
