,P(C|CC),P(C|CD),P(C|DD),P(C|DC)
T08,1.0,0.09090909090909091,0.9,0.7723809523809524
T02,0.9962264150943396,0.14040404040404042,0.5464646464646464,0.96
T05,1.0,0.04285714285714286,0.4023809523809524,0.6921212121212121
