,P(C|CC),P(C|CD),P(C|DD),P(C|DC)
GPT5mini,0.9874993272594471,0.3252547452547453,0.45,0.8666666666666666
GPT4.1mini,1.0,0.0,0.31333333333333335,0.7535353535353535
GPT5nano,1.0,1.0,0.0,0.0
