,P(C|CC),P(C|CD),P(C|DD),P(C|DC)
T02,0.9634436177334245,0.8885585003232063,0.6,0.7666666666666667
T07,0.9751660341555978,0.9372222222222222,0.4,0.7333333333333333
T12,0.9535881994213968,0.8972619047619048,0.6,1.0
