,P(C|CC),P(C|CD),P(C|DD),P(C|DC)
T07,0.983249223965642,0.20636363636363636,0.16686274509803922,0.7659090909090909
T02,0.9892857142857142,0.2149206349206349,0.27142857142857146,0.6088235294117647
T12,0.9728882267966774,0.09714285714285714,0.16666666666666666,0.7133333333333333
