,P(C|CC=dom),P(C|CD=dom),P(C|DD=dom),P(C|DC=dom)
T02,0.9440641246268218,0.9280002761668047,0.0,0.6
T07,0.9645031871423313,0.8716720779220779,0.0,0.4
T12,0.9644865483821464,0.9277508136275561,0.0,0.8
