,P(C|CC=dom),P(C|CD=dom),P(C|DD=dom),P(C|DC=dom)
T08,0.9721697638495197,0.31114310976379944,0.225,0.2
T02,0.9784971141037916,0.3126050420168067,0.09722222222222222,0.0
T05,0.9904439641195267,0.28020083364910947,0.19800892143691334,0.22000000000000003
