,P(C|CC=dom),P(C|CD=dom),P(C|DD=dom),P(C|DC=dom)
GPT5mini,0.9798725099132808,0.38286324786324794,0.19615384615384618,0.0
GPT4.1mini,0.9944802098710032,0.045054945054945054,0.05897786663860536,0.0625
GPT5nano,0.9929907539118066,0.8958689413082063,0.0,0.2
