,P(C|CC=dom),P(C|CD=dom),P(C|DD=dom),P(C|DC=dom)
T07,0.9952793799836053,0.21762476018768923,0.16551367331855138,0.2363636363636364
T02,0.9772007920982491,0.15166666666666667,0.09433946962938934,0.15965141612200434
T12,0.9840483613981899,0.3581861816344575,0.0918659420289855,0.4222222222222222
