,P(C|CC),P(C|CD),P(C|DD),P(C|DC)
T08,0.9916998147464643,0.1971345029239766,0.40636752136752136,0.7921895424836601
T02,0.9990049751243781,0.15418650793650795,0.4142640692640692,0.8699999999999999
T05,0.9979864433811801,0.15109660351595836,0.21954559601618423,0.7321604278074867
