,P(C|CC),P(C|CD),P(C|DD),P(C|DC)
T02,0.9422536795557646,0.9263642977707933,0.9333333333333333,0.9484848484848485
T07,0.9647585627181263,0.8835066214819622,0.9444444444444444,0.8847619047619049
T12,0.9607894570060902,0.9644144144144144,0.6933333333333334,0.9846153846153847
