,P(C|CC),P(C|CD),P(C|DD),P(C|DC)
T07,0.9907025293641307,0.23676780209038273,0.11803444782168186,0.5561497326203209
T02,0.986289853297834,0.15328407224958948,0.12300069317098317,0.4994017094017094
T12,0.9866251522038997,0.29111476008027726,0.12138033395176251,0.7230808080808081
