,P(C|CC),P(C|CD),P(C|DD),P(C|DC)
GPT5mini,0.9975343153065979,0.3299442195231668,0.2762987012987013,0.688952713952714
GPT4.1mini,0.9957104299209563,0.04666666666666667,0.10707954064138195,0.4195745301952198
GPT5nano,0.9929650951645836,0.9119812443540679,0.7155555555555555,1.0
