,P(C|CC=dom),P(C|CD=dom),P(C|DD=dom),P(C|DC=dom)
T12,0.9911279795605576,0.1841025641025641,0.16235431235431236,0.26666666666666666
T07,0.9815727056758881,0.36462269756387405,0.16944444444444445,0.1
T02,0.9772651938368941,0.2623809523809524,0.17872171370455123,0.0
