,P(C|CC=dom),P(C|CD=dom),P(C|DD=dom),P(C|DC=dom)
T02,0.9517921764379915,0.9095791229113004,0.0,0.6
T07,0.9502819406113613,0.945740008783487,0.0,0.4
T12,0.9510985930152458,0.9185315941129895,0.1,0.8
