,P(C|CC=dom),P(C|CD=dom),P(C|DD=dom),P(C|DC=dom)
T08,0.9864008536108416,0.26405194805194804,0.20952380952380953,0.4166666666666667
T05,0.983877602506151,0.3148795064584538,0.162232905982906,0.16428571428571428
T02,0.990119548322571,0.2744862155388471,0.2521195144724556,0.15833333333333335
