,P(C|CC),P(C|CD),P(C|DD),P(C|DC)
T12,0.9989417989417989,0.07140522875816994,0.11740399385560674,0.6452380952380953
T07,0.9958856757667679,0.2246812011517894,0.15824175824175823,0.6892063492063492
T02,0.9956989247311828,0.08816931860410121,0.15814685314685312,0.6467320261437909
