,P(C|CC=dom),P(C|CD=dom),P(C|DD=dom),P(C|DC=dom)
o3,0.973675070582345,0.3885335252982312,0.13048256091734353,0.10317460317460317
GPT4o,0.9962603155501564,0.0457516339869281,0.15817523056653493,0.10606060606060605
GPT5,0.9885777750666567,0.5482151835093012,0.10999999999999999,0.0
