,P(C|CC=dom),P(C|CD=dom),P(C|DD=dom),P(C|DC=dom)
T08,0.9755555555555556,0.17987012987012987,0.06493506493506493,0.0
T05,0.9793012621181635,0.28095238095238095,0.13333333333333333,0.0
T02,0.9723626608381213,0.188000888000888,0.06666666666666667,0.4
