,P(C|CC=dom),P(C|CD=dom),P(C|DD=dom),P(C|DC=dom)
T08,0.9636363636363636,0.21428571428571427,0.08695652173913043,0.75
T02,0.9635036496350365,0.4,0.10144927536231885,0.2222222222222222
T05,0.9972602739726028,0.3103448275862069,0.07692307692307693,0.3333333333333333
