,P(C|CC=dom),P(C|CD=dom),P(C|DD=dom),P(C|DC=dom)
T12,0.9652551574375678,0.3333333333333333,0.325,0.22330097087378642
T07,0.9571303587051618,0.42857142857142855,0.030927835051546393,0.2727272727272727
T02,0.9747416762342136,0.6159420289855072,0.10918114143920596,0.32786885245901637
