,P(C|CC=dom),P(C|CD=dom),P(C|DD=dom),P(C|DC=dom)
T02,0.9468283582089553,0.9416666666666667,1.0,1.0
T12,0.9408,0.9236641221374046,0.0,1.0
T07,0.940354147250699,0.9656084656084656,0.0,1.0
