,P(C|CC=dom),P(C|CD=dom),P(C|DD=dom),P(C|DC=dom)
T02,0.9490084985835694,0.9550561797752809,0.0,1.0
T12,0.9498069498069498,0.8992805755395683,0.0,0.0
T07,0.9297297297297298,0.9246575342465754,0.0,0.8333333333333334
