,P(C|CC=dom),P(C|CD=dom),P(C|DD=dom),P(C|DC=dom)
GPT4o,0.9804270462633452,0.21621621621621623,0.18937644341801385,0.10344827586206896
GPT5,0.9642147117296223,0.6308724832214765,0.10144927536231885,0.0
o3,0.9353078721745908,0.5957446808510638,0.3508771929824561,0.44680851063829785
