,P(C|CC),P(C|CD),P(C|DD),P(C|DC)
T07,0.0,0.0,0.007352941176470588,0.0
T02,0.0,0.0,0.005208333333333333,0.0
T12,0.03571428571428571,0.0,0.0047619047619047615,0.07142857142857142
