,P(C|CC),P(C|CD),P(C|DD),P(C|DC)
GPT4o,0.9974093264248705,0.08888888888888889,0.10714285714285714,0.3064516129032258
GPT5,0.9837209302325581,0.5978260869565217,0.3076923076923077,0.6
o3,0.982051282051282,0.46,0.12389380530973451,0.7272727272727273
