,P(C|CC),P(C|CD),P(C|DD),P(C|DC)
T07,0.9521707839443178,0.9330504368292465,0.8,0.9546688605512136
T02,0.9560078880811395,0.9142967730360961,0.9818181818181818,0.858095238095238
T12,0.9475619227595512,0.9323584905660377,0.7047619047619047,0.9595959595959596
