,P(C|CC),P(C|CD),P(C|DD),P(C|DC)
o3,0.9850120236347621,0.23296918767507005,0.23777946191739296,0.4480731063039909
GPT4o,1.0,0.10819221967963386,0.17479390175042347,0.5271212121212121
GPT5,0.9949659395949725,0.35923160173160174,0.36,0.8333333333333334
