,P(C|CC),P(C|CD),P(C|DD),P(C|DC)
T08,1.0,0.3333333333333333,0.0,0.0
T05,1.0,0.16666666666666666,0.16666666666666666,0.0
T02,0.9212962962962963,0.08333333333333333,0.0,0.3333333333333333
