,P(C|CC),P(C|CD),P(C|DD),P(C|DC)
o3,0.0,0.047619047619047616,0.10233610722332526,0.037698412698412696
GPT5,0.5,0.05,0.23749999999999996,0.6125
GPT4o,1.0,0.0,0.0,0.0
