,P(C|CC),P(C|CD),P(C|DD),P(C|DC)
T02,0.9462686567164179,0.970873786407767,0.75,1.0
T12,0.9496124031007752,0.9044117647058824,0.7142857142857143,1.0
T07,0.9323529411764706,0.9411764705882353,0.9090909090909091,0.8666666666666667
