,P(C|CC),P(C|CD),P(C|DD),P(C|DC)
T08,0.9904762610107853,0.23162043622569936,0.41318518518518516,0.5940040351805058
T05,0.9890851817722279,0.1998932112890923,0.35978049728049727,0.6472893772893773
T02,0.9939393939393939,0.13118194035814174,0.23589314194577354,0.7150252525252526
