,P(C|CC),P(C|CD),P(C|DD),P(C|DC)
T12,0.9954337899543378,0.11904761904761904,0.23255813953488372,0.6571428571428571
T07,0.996268656716418,0.14634146341463414,0.07926829268292683,0.38461538461538464
T02,0.9879518072289156,0.23333333333333334,0.13953488372093023,0.3684210526315789
