,P(C|CC),P(C|CD),P(C|DD),P(C|DC)
o3,0.9980392156862745,0.2077272727272727,0.35238095238095235,0.41666666666666663
GPT4o,1.0,0.02857142857142857,0.4125,0.40242424242424246
GPT5,0.9948717948717949,0.26539901275195393,0.11272727272727275,0.7733333333333333
