,P(C|CC),P(C|CD),P(C|DD),P(C|DC)
T02,1.0,0.6666666666666666,0.0,0.0
T12,1.0,0.41666666666666663,0.5,0.5
T07,1.0,0.6666666666666666,0.0,1.0
