,P(C|CC),P(C|CD),P(C|DD),P(C|DC)
T08,0.9931129476584022,0.25,0.34285714285714286,0.7105263157894737
T02,0.9965714285714286,0.19298245614035087,0.15894039735099338,0.5757575757575758
T05,0.9926739926739927,0.23076923076923078,0.2484076433121019,0.4838709677419355
