,P(C|CC=dom),P(C|CD=dom),P(C|DD=dom),P(C|DC=dom)
T02,0.9294151183298471,0.9086734693877551,0.6,0.7333333333333333
T07,0.957598831559802,0.85,0.6,0.8
T12,0.9440038145932641,0.8572063492063492,0.2,0.8
