,P(C|CC=dom),P(C|CD=dom),P(C|DD=dom),P(C|DC=dom)
T12,0.9835457686102593,0.075,0.0,0.13333333333333333
T07,0.9974025974025974,0.2788095238095238,0.22222222222222224,0.0
T02,0.991891891891892,0.13047619047619047,0.16666666666666666,0.3
