,P(C|CC=dom),P(C|CD=dom),P(C|DD=dom),P(C|DC=dom)
o3,0.9927272727272728,0.14285714285714285,0.06666666666666667,0.2
GPT4o,0.9925752508361205,0.03333333333333333,0.026666666666666665,0.0
GPT5,0.9871989295272078,0.3783838383838384,0.10666666666666666,0.2
