,P(C|CC),P(C|CD),P(C|DD),P(C|DC)
T02,0.9259639244713872,0.9273015873015874,0.95,0.9333333333333332
T07,0.9568126076821729,0.9208730158730158,0.7,1.0
T12,0.9422284943388906,0.8782254782254781,0.7,1.0
