,P(C|CC),P(C|CD),P(C|DD),P(C|DC)
T08,0.9899159663865547,0.1364957264957265,0.4,0.6476190476190476
T05,0.9860933811639189,0.25396825396825395,0.5133333333333333,0.8333333333333333
T02,0.9908281614948281,0.13904713707345287,0.5424242424242424,0.8736363636363637
