,P(C|CC),P(C|CD),P(C|DD),P(C|DC)
T12,1.0,0.04,0.12857142857142856,0.75
T07,0.9945945945945945,0.1561976911976912,0.15714285714285714,0.8800000000000001
T02,0.9800000000000001,0.09166666666666666,0.1712121212121212,0.7303571428571429
