,P(C|CC=dom),P(C|CD=dom),P(C|DD=dom),P(C|DC=dom)
T08,0.9594771241830066,0.4878048780487805,0.13953488372093023,0.0
T05,0.9508771929824561,0.29411764705882354,0.24342105263157895,0.3333333333333333
T02,0.9954075774971297,0.3275862068965517,0.06299212598425197,0.4
