,P(C|CC),P(C|CD),P(C|DD),P(C|DC)
T07,0.9885386819484241,0.3723404255319149,0.06389776357827476,0.746031746031746
T12,0.9921171171171171,0.32051282051282054,0.24705882352941178,0.44
T02,0.9765100671140939,0.352112676056338,0.12165450121654502,0.6111111111111112
