,P(C|CC),P(C|CD),P(C|DD),P(C|DC)
GPT4o,0.9851485148514851,0.25,0.08121827411167512,0.3246753246753247
o3,0.9521008403361344,0.5359477124183006,0.3401360544217687,0.6517857142857143
GPT5,0.9778002018163471,0.6097560975609756,0.35365853658536583,0.7636363636363637
