,P(C|CC),P(C|CD),P(C|DD),P(C|DC)
T02,0.9437367303609342,0.9473684210526315,0.9047619047619048,1.0
T12,0.9425742574257425,0.9078212290502793,0.9285714285714286,0.9714285714285714
T07,0.9406688241639698,0.9559748427672956,0.9166666666666666,0.9473684210526315
