,P(C|CC=dom),P(C|CD=dom),P(C|DD=dom),P(C|DC=dom)
GPT5mini,0.21666666666666667,0.1111111111111111,0.04404761904761905,0.38201058201058197
GPT5nano,1.0,0.8,0.4,0.6
GPT4.1mini,1.0,0.0,0.0,0.0
