,P(C|CC=dom),P(C|CD=dom),P(C|DD=dom),P(C|DC=dom)
T02,0.9333333333333332,1.0,0.0,0.0
T12,1.0,0.42857142857142855,0.0,0.0
T07,1.0,1.0,0.0,0.0
