,P(C|CC),P(C|CD),P(C|DD),P(C|DC)
GPT5mini,0.1851851851851852,0.16666666666666666,0.08756613756613757,0.3666065416065416
GPT5nano,1.0,0.8,0.4,0.6
GPT4.1mini,1.0,0.0,0.0,1.0
