,P(C|CC),P(C|CD),P(C|DD),P(C|DC)
T02,0.9333333333333332,1.0,0.0,0.0
T12,1.0,0.42857142857142855,0.5,0.0
T07,1.0,1.0,0.0,0.0
