,P(C|CC=dom),P(C|CD=dom),P(C|DD=dom),P(C|DC=dom)
GPT4o,0.9750623441396509,0.0,0.0660377358490566,0.22727272727272727
o3,0.9537037037037037,0.3333333333333333,0.052083333333333336,0.3333333333333333
GPT5,0.9766899766899767,0.7215189873417721,0.05714285714285714,0.5833333333333334
