,P(C|CC=dom),P(C|CD=dom),P(C|DD=dom),P(C|DC=dom)
T07,0.9155405405405406,0.375,0.022556390977443608,0.0
T12,0.970917225950783,0.43333333333333335,0.20689655172413793,0.0
T02,0.9791666666666666,0.2857142857142857,0.16666666666666666,0.0
