,P(C|CC),P(C|CD),P(C|DD),P(C|DC)
T08,0.9944903581267218,0.18,0.1651376146788991,0.76
T05,0.9893333333333333,0.24242424242424243,0.3076923076923077,0.46153846153846156
T02,0.9709090909090909,0.1896551724137931,0.24742268041237114,0.6285714285714286
