,P(C|CC=dom),P(C|CD=dom),P(C|DD=dom),P(C|DC=dom)
T08,0.9930264993026499,0.6194570135746607,0.21,0.5
T02,0.9656758263030041,0.6614077669902912,0.26297169811320753,0.0
T05,0.9792746113989637,0.6625168690958165,0.37243532560214093,0.0
