,P(C|CC=dom),P(C|CD=dom),P(C|DD=dom),P(C|DC=dom)
T12,0.9448763384193859,0.9262477718360071,0.0,0.2857142857142857
T02,0.9511178056128111,0.8989846199790952,0.5,0.7857142857142857
T07,0.9671337556820215,0.9157054125998225,0.0,0.2857142857142857
