,P(C|CC=dom),P(C|CD=dom),P(C|DD=dom),P(C|DC=dom)
GPT5nano,0.9797801868235585,0.9676292194092827,0.0,0.0
GPT5mini,0.9649485752326861,0.7115384615384615,0.24336455893832942,0.029850746268656716
GPT4.1mini,0.9777833725725018,0.2169811320754717,0.09170128443871461,0.0
