,P(C|CC=dom),P(C|CD=dom),P(C|DD=dom),P(C|DC=dom)
T12,0.974796056106579,0.3333333333333333,0.11029580371474432,0.0
T07,0.9889704174987228,0.28640776699029125,0.19624898070127753,0.125
T02,0.9970142255564598,0.26971326164874554,0.35304496300512234,0.0
