,P(C|CC),P(C|CD),P(C|DD),P(C|DC)
GPT5nano,0.9846264087030161,0.9902455629636585,0.6,0.5795454545454546
GPT5mini,0.9912291800491828,0.7123873873873874,0.09907685702018033,0.18874458874458874
GPT4.1mini,0.9932065217391304,0.4218181818181818,0.05455439056356488,0.25204081632653064
