,P(C|CC),P(C|CD),P(C|DD),P(C|DC)
T08,0.9989270386266094,0.6662186379928315,0.2048823016564952,0.35050505050505054
T02,0.9959419247650457,0.7787450287229342,0.3499000999000999,0.40080213903743317
T05,0.9972867218644588,0.7772880477054706,0.2857142857142857,0.40485829959514175
