,P(C|CC),P(C|CD),P(C|DD),P(C|DC)
T12,0.9936339522546419,0.48565513161786455,0.059092130002686004,0.3795294117647059
T07,0.9970911719941689,0.5009971509971509,0.053154351259246946,0.31746031746031744
T02,0.9964572023044577,0.5126689189189189,0.19369369369369369,0.2804746494066882
