,P(C|CC),P(C|CD),P(C|DD),P(C|DC)
T12,0.955946271470465,0.9504633563200221,0.5986842105263157,0.6144578313253012
T02,0.9652440943963808,0.946462639109698,0.5899632802937577,0.5947744238883479
T07,0.9837027460437826,0.9164450354609929,0.5957446808510638,0.5868055555555556
