,P(C|CC=dom),P(C|CD=dom),P(C|DD=dom),P(C|DC=dom)
T08,0.9972638146167558,0.4474966987360876,0.1491941391941392,0.0
T02,0.9907508703748686,0.26209358017868656,0.04752941176470588,0.2
T05,0.9909061539868731,0.3517075517075517,0.2046743295019157,0.0
