,P(C|CC=dom),P(C|CD=dom),P(C|DD=dom),P(C|DC=dom)
GPT5mini,0.9934992066815275,0.40421717171717175,0.37572492024104925,0.0
GPT4.1mini,0.9907454649939073,0.08195488721804511,0.0863781102382926,0.18333333333333332
GPT5nano,0.9980992369858684,0.8883982683982685,0.0,0.2
