,P(C|CC=dom),P(C|CD=dom),P(C|DD=dom),P(C|DC=dom)
T07,0.9857858759155864,0.19337606837606838,0.05457393483709273,0.08888888888888888
T02,0.9748569630504781,0.0375,0.06948686371100163,0.07692307692307693
T12,0.9173323485729984,0.2257142857142857,0.035859415240115135,0.35
