,P(C|CC=dom),P(C|CD=dom),P(C|DD=dom),P(C|DC=dom)
T02,0.964291812029703,0.9241593488969801,0.2,1.0
T07,0.9570309053165579,0.9600361255362385,0.2,0.4
T12,0.9614412490313817,0.8760148472217437,0.0,0.4
