,P(C|CC),P(C|CD),P(C|DD),P(C|DC)
T08,0.9973647078353253,0.4181471861471861,0.21503607503607505,0.8449328449328449
T02,0.9952637898059074,0.18496052631578946,0.3511217948717949,0.7588589743589743
T05,0.9982978723404254,0.2791193709671971,0.29616707616707616,0.7959879336349924
