,P(C|CC),P(C|CD),P(C|DD),P(C|DC)
T02,0.967799754204032,0.9404071604071603,0.7314285714285714,0.9523076923076923
T07,0.9538926397494969,0.9509058691985521,0.9833333333333332,1.0
T12,0.9602585231931073,0.8820493441278952,1.0,0.9818181818181818
