,P(C|CC),P(C|CD),P(C|DD),P(C|DC)
T07,0.9868299145605517,0.29151960784313724,0.1069419835536777,0.5900178253119429
T02,0.9818583990842971,0.2596690716690717,0.11761287310623174,0.5466666666666666
T12,0.9549710122972488,0.2594871794871795,0.12632806449590833,0.5073626373626373
