,P(C|CC),P(C|CD),P(C|DD),P(C|DC)
GPT5mini,0.9974430157802455,0.3177786672274722,0.34285714285714286,0.627766106442577
GPT4.1mini,0.9986486486486486,0.07234848484848486,0.12169467078603499,0.4653950882678653
GPT5nano,0.9980904201987058,0.9283408162373556,0.25,0.8
