,P(C|CC=dom),P(C|CD=dom),P(C|DD=dom),P(C|DC=dom)
T08,1.0,0.0,0.0,0.0
T02,1.0,0.16666666666666666,0.0,0.0
T05,1.0,0.1111111111111111,0.0,0.0
