,P(C|CC=dom),P(C|CD=dom),P(C|DD=dom),P(C|DC=dom)
GPT5mini,0.08333333333333333,0.0,0.17871572871572872,0.2556277056277056
GPT5nano,1.0,0.3333333333333333,0.3333333333333333,0.0
GPT4.1mini,1.0,0.0,0.0,0.0
