,P(C|CC),P(C|CD),P(C|DD),P(C|DC)
T08,1.0,0.0,0.0,0.25
T02,1.0,0.16666666666666666,0.0,0.0
T05,1.0,0.1111111111111111,0.0,0.0
