,P(C|CC),P(C|CD),P(C|DD),P(C|DC)
GPT5mini,0.07575757575757575,0.09090909090909091,0.22162698412698412,0.21558441558441557
GPT5nano,1.0,0.3333333333333333,0.3333333333333333,0.0
GPT4.1mini,1.0,0.0,0.0,0.0
