,P(C|CC=dom),P(C|CD=dom),P(C|DD=dom),P(C|DC=dom)
GPT4.1mini,0.988473348575199,0.25620915032679736,0.24463118580765641,0.1945048309178744
GPT5mini,0.9926530691414596,0.6431489262371616,0.22906671784046564,0.08327123695976156
GPT5nano,0.9947439396072043,0.9511020375104763,0.5333333333333333,0.8666666666666667
