,P(C|CC=dom),P(C|CD=dom),P(C|DD=dom),P(C|DC=dom)
T02,0.9634423882787208,0.550839771371145,0.031095811818703384,0.012121212121212121
T05,0.9885257425331292,0.40888105605086733,0.19403857393337232,0.10714285714285715
T08,0.9691003048801387,0.3966809623234204,0.25454197743354373,0.4344729344729345
