,P(C|CC=dom),P(C|CD=dom),P(C|DD=dom),P(C|DC=dom)
T02,0.9446845152800668,0.9112129206402949,0.3333333333333333,0.19999999999999998
T07,0.9563998937624496,0.9291819291819291,0.0,0.19999999999999998
T12,0.9313239243389196,0.900289413455397,0.3333333333333333,0.19999999999999998
