,P(C|CC=dom),P(C|CD=dom),P(C|DD=dom),P(C|DC=dom)
T07,0.9675579287911805,0.23602353930222786,0.10543579907630063,0.3111111111111111
T02,0.9699761043452574,0.38069062720225516,0.2820209565307605,0.24444444444444446
T12,0.9285792821137386,0.4748128182090447,0.07134791586011098,0.13071895424836602
