,P(C|CC),P(C|CD),P(C|DD),P(C|DC)
GPT4.1mini,0.9978035094327887,0.28199975642430886,0.17198067632850242,0.3053975664968874
GPT5mini,0.9922205131312939,0.5673033240554116,0.15910746812386156,0.3583680494435644
GPT5nano,0.9961675041100554,0.9671559073949512,0.4254901960784314,0.7777777777777778
