,P(C|CC),P(C|CD),P(C|DD),P(C|DC)
T02,0.9932682564709698,0.4265419265419266,0.20279901821957894,0.5068253968253967
T05,0.9858816108853968,0.34974835462640336,0.30885294043188777,0.45363810166441737
T08,0.9845351795399826,0.37847222222222227,0.39461942257217847,0.5285125084516565
