,P(C|CC),P(C|CD),P(C|DD),P(C|DC)
T02,0.9614705055322559,0.9293977865461277,0.6691142191142191,0.6755952380952381
T07,0.9574125371783903,0.9503714649183036,0.7444444444444445,0.7556910569105691
T12,0.9427701139393049,0.9226540015378895,0.7256944444444443,0.7133040935672513
