,P(C|CC),P(C|CD),P(C|DD),P(C|DC)
T07,0.9712791511241283,0.5398577087880992,0.058995020762249106,0.2952157388777107
T02,0.9816839460092771,0.5015439757375241,0.17108298171589312,0.3613026819923372
T12,0.9651691537257431,0.5444804931848825,0.0630041255041255,0.4936557919014059
