,P(C|CC=dom),P(C|CD=dom),P(C|DD=dom),P(C|DC=dom)
T08,0.9687963223566939,0.11714285714285715,0.06666666666666667,0.0
T02,0.9881594652661733,0.0,0.2,0.2
T05,0.9916960438699569,0.04,0.02222222222222222,0.0
