,P(C|CC=dom),P(C|CD=dom),P(C|DD=dom),P(C|DC=dom)
T07,0.9972602739726029,0.06666666666666667,0.2333333333333333,0.0
T02,0.9957446808510639,0.07532467532467532,0.16071428571428573,0.13333333333333333
T12,0.9598763474952442,0.34444444444444444,0.28888888888888886,0.0
