,P(C|CC=dom),P(C|CD=dom),P(C|DD=dom),P(C|DC=dom)
T02,0.9727104625634038,0.8926898326898327,0.4,0.6
T07,0.9548905044953994,0.9178847296494356,0.0,0.0
T12,0.9611569444987493,0.9513725490196079,0.2,0.4
