,P(C|CC=dom),P(C|CD=dom),P(C|DD=dom),P(C|DC=dom)
GPT5mini,0.9928571428571429,0.23214285714285712,0.025,0.0
GPT4.1mini,0.9924700914848698,0.0,0.11904761904761904,0.0
GPT5nano,0.9964285714285716,0.8711111111111111,0.0,0.0
