,P(C|CC),P(C|CD),P(C|DD),P(C|DC)
GPT5mini,0.9963636363636365,0.20454545454545453,0.4133333333333334,0.6166666666666667
GPT4.1mini,1.0,0.06000000000000001,0.28478260869565214,0.825
GPT5nano,0.9965517241379309,0.908802308802309,0.32,0.2
