,P(C|CC),P(C|CD),P(C|DD),P(C|DC)
T02,0.9725128150801673,0.9015007215007215,0.6,1.0
T07,0.9484391534391534,0.9253759398496241,0.6,1.0
T12,0.9658198821053434,0.8762362637362638,0.6,1.0
