,P(C|CC),P(C|CD),P(C|DD),P(C|DC)
T08,0.9966101694915255,0.07676767676767676,0.35158730158730156,0.8742857142857143
T02,1.0,0.0,0.34615384615384615,0.8666666666666668
T05,1.0,0.025,0.54,0.9666666666666668
