,P(C|CC),P(C|CD),P(C|DD),P(C|DC)
T07,1.0,0.13934065934065934,0.13968253968253969,0.7666666666666666
T02,1.0,0.06043956043956045,0.1819047619047619,0.725
T12,0.9827741251325556,0.2685858585858586,0.12254689754689756,0.38555555555555554
