,P(C|CC=dom),P(C|CD=dom),P(C|DD=dom),P(C|DC=dom)
T02,1.0,0.6666666666666666,0.0,0.0
T12,1.0,0.3333333333333333,0.0,0.0
T07,1.0,0.6666666666666666,0.0,1.0
