,P(C|CC=dom),P(C|CD=dom),P(C|DD=dom),P(C|DC=dom)
T07,0.0,0.0,0.007352941176470588,0.0
T12,0.03571428571428571,0.0,0.0047619047619047615,0.0
T02,0.0,0.0,0.006944444444444444,0.0
