,P(C|CC=dom),P(C|CD=dom),P(C|DD=dom),P(C|DC=dom)
o3,0.0,0.0,0.10072594694443435,0.021825396825396824
GPT5,0.5,0.0625,0.22499999999999998,0.6041666666666666
GPT4o,1.0,0.0,0.0,0.0
